05362000000806001;Am Kapellenkreuz
05362000000806002;Am Schwarzwasser
05362000000806004;An den Quellen
05362000000806005;An der Erft
05362000000806006;Asternweg
05362000000806010;Erftaue
05362000000806015;Florianstraße
05362000000806020;Heppendorfer Straße
05362000000806021;Huppertstaler Weg
05362000000806022;Im Rosengarten
05362000000806023;Im Kleinfeldchen
05362000000806024;Im Wohnpark
05362000000806025;In den Benden
05362000000806026;In der Freiheit
05362000000806027;In der Spitze
05362000000806030;Klosterhütte
05362000000806031;Knospenweg
05362000000806032;Koppelsweg
05362000000806035;Laacher Straße
05362000000806041;Rispenweg
05362000000806043;Sindorfer Straße
05362000000806044;Unter den Linden
05362000000806046;Wiedenaustraße
05362000000806047;Wildblumenweg
05362000000806051;Forellenweg
05362000000806052;Lourther Weg
05362000000806053;Ordensstraße
05362000000806054;Pannesser Weg
05362000000806055;Am Langgraben
05362000000806058;Geuelweg
05362000000806059;Gillbachstraße
05362000000806061;Aachener Straße
05362000000806062;Adlerweg
05362000000806063;Agnes-Miegel-Straße
05362000000806064;Ahornweg
05362000000806065;Akazienweg
05362000000806066;Albrecht-Dürer-Allee
05362000000806067;Am Bahndamm
05362000000806068;Am Burgberg
05362000000806069;Am Heerwege
05362000000806070;Am Jobberath
05362000000806073;Am Stadion
05362000000806075;Adam-Giesen-Ring
05362000000806076;An den Erken
05362000000806077;Amselweg
05362000000806078;An der Broelhecke
05362000000806080;Am Spielplatz
05362000000806081;An der Stadtmauer
05362000000806082;Am Wäldchen
05362000000806083;Auf den Sprüngen
05362000000806084;Auf der Alm
05362000000806085;Auf der Leck
05362000000806086;An der Üleburg
05362000000806087;Am Sodagraben
05362000000806088;Bahnstraße
05362000000806089;Beisselstraße
05362000000806090;Bendenstraße
05362000000806091;Bergstraße
05362000000806093;Bethlehemer Straße
05362000000806094;Birkenweg
05362000000806095;Birkhahnstraße
05362000000806096;Blindgasse
05362000000806097;Blumenstraße
05362000000806098;Bohlendorfer Weg
05362000000806099;Breslauer Straße
05362000000806100;Broichstraße
05362000000806101;Brückenstraße
05362000000806102;Buchenweg
05362000000806103;Buchfinkenweg
05362000000806104;Am Vogelwäldchen
05362000000806105;An der Kentener Burg
05362000000806106;Am Protzenberg
05362000000806107;Cäcilienweg
05362000000806108;Carl-Bosch-Straße
05362000000806109;Carl-Sonnenschein-Straße
05362000000806110;Charlottenhofstraße
05362000000806111;Chaunyring
05362000000806112;Commerstraße
05362000000806114;Angelsdorfer Weg
05362000000806115;Dänischer Weg
05362000000806116;Dahlienweg
05362000000806117;Daimlerstraße
05362000000806118;Danziger Straße
05362000000806120;Dieselstraße
05362000000806121;Elsdorfer Straße
05362000000806122;Dompfaffenweg
05362000000806123;Dresdener Straße
05362000000806124;Drosselweg
05362000000806125;Am Erftverband
05362000000806126;Christoph-Klöver-Straße
05362000000806128;Eichelhäherweg
05362000000806129;Eichendorffstraße
05362000000806130;Eichenweg
05362000000806132;Erftstraße
05362000000806133;Erfurter Straße
05362000000806135;Eschenweg
05362000000806136;Erftallee
05362000000806137;An der Erftaue
05362000000806138;Brockendorfer Weg
05362000000806139;Feldstraße
05362000000806140;Finkenweg
05362000000806141;Florastraße
05362000000806142;Fröbelstraße
05362000000806143;Füssenichstraße
05362000000806145;Heiner-Leßmann-Straße
05362000000806146;Gartenstraße
05362000000806148;Gerhart-Hauptmann-Straße
05362000000806149;Giersbergstraße
05362000000806150;Glockenweg
05362000000806151;Goethestraße
05362000000806152;Goldammerweg
05362000000806153;Grüner Weg
05362000000806154;Gutenbergstraße
05362000000806156;Knappschaftsallee
05362000000806157;Johannes-Kepler-Straße
05362000000806158;Haubenlerchenweg
05362000000806159;Hauptstraße
05362000000806160;Heerstraße
05362000000806161;Heinrich-Heine-Straße
05362000000806162;Heinrich-Hertz-Straße
05362000000806163;Heisenbergstraße
05362000000806164;Hermann-Lautz-Straße
05362000000806165;Hermann-Stehr-Straße
05362000000806166;Heinz-Menzel-Straße
05362000000806167;Hubertusplatz
05362000000806168;Hubertusstraße
05362000000806169;Humboldtstraße
05362000000806171;Johann-Ruland-Weg
05362000000806172;Im Stadtgarten
05362000000806173;Im Goldacker
05362000000806174;Im Wiesengrund
05362000000806175;In den Herrenbenden
05362000000806176;In der Aue
05362000000806177;Josef-Thüner-Straße
05362000000806178;Kentener Heide
05362000000806179;Kennedystraße
05362000000806180;Kettelerstraße
05362000000806181;Kiebitzweg
05362000000806182;Kirchstraße
05362000000806183;Kirschbaumweg
05362000000806184;Klosterstraße
05362000000806185;Kölner Straße
05362000000806186;Königsberger Straße
05362000000806187;Königsgasse
05362000000806188;Kolpingstraße
05362000000806189;Kirchmannstraße
05362000000806190;Krefelder Straße
05362000000806191;Hubert-Rheinfeld-Platz
05362000000806192;Konrad-Adenauer-Platz
05362000000806194;Lechenicher Straße
05362000000806195;Leipziger Straße
05362000000806196;Lessingstraße
05362000000806197;Lilienthalstraße
05362000000806198;Lilienweg
05362000000806199;Lindenring
05362000000806201;Luisenstraße
05362000000806203;Kentener Wiesen
05362000000806204;Magdeburger Straße
05362000000806205;Marienstraße
05362000000806206;Martinstraße
05362000000806207;Max-Born-Straße
05362000000806209;Meisenweg
05362000000806210;Meißener Straße
05362000000806211;Mittelstraße
05362000000806213;Mühlenstraße
05362000000806216;Nachtigallenweg
05362000000806217;Narzissenweg
05362000000806218;Naumburger Straße
05362000000806219;Nelkenweg
05362000000806220;Neusser Straße
05362000000806224;Otto-Hahn-Straße
05362000000806225;Ottostraße
05362000000806226;Oswaldstraße
05362000000806228;Paffendorfer Weg
05362000000806229;Pappelweg
05362000000806230;Pfarrer-Keuter-Straße
05362000000806231;Philipp-Reis-Straße
05362000000806232;Pirolweg
05362000000806234;Van-Gils-Straße
05362000000806235;Paul-Ehrlich-Straße
05362000000806236;Pfarrer-Evers-Ring
05362000000806238;Rathausstraße
05362000000806239;Rotdornweg
05362000000806240;Rotkehlchenweg
05362000000806241;Rottannenweg
05362000000806242;Remigiusstraße
05362000000806244;Robert-Kirchhoff-Straße
05362000000806245;Sanddornweg
05362000000806247;Schillerstraße
05362000000806248;Schloßweg
05362000000806249;Schützenstraße
05362000000806250;Schulstraße
05362000000806251;Schwalbenweg
05362000000806252;Siemensstraße
05362000000806253;Sonnenblumenweg
05362000000806255;Sperlingweg
05362000000806256;Sportparkstraße
05362000000806257;Stettiner Straße
05362000000806258;Südweststraße
05362000000806259;Stahlerweg
05362000000806262;Talstraße
05362000000806263;Triftstraße
05362000000806264;Tulpenweg
05362000000806265;Turmallee
05362000000806267;Vom-Stein-Straße
05362000000806268;Von-Langen-Straße
05362000000806272;Waldweg
05362000000806273;Weidenweg
05362000000806274;Weißdornweg
05362000000806275;Wiedenfelder Weg
05362000000806276;Wiesenstraße
05362000000806277;Wöhlerstraße
05362000000806281;Willy-Schlegelmilch-Straße
05362000000806282;Willy-Brandt-Platz
05362000000806283;Zaunkönigweg
05362000000806284;Zeiss-Straße
05362000000806285;Zeppelinstraße
05362000000806286;Zievericher Mühle
05362000000806287;Zur Harfereiche
05362000000806288;Zum Biotop
05362000000806301;Adolf-Kolping-Straße
05362000000806302;Am Ehrenmal
05362000000806303;Am Hüttenhof
05362000000806304;Am Mohlenberg
05362000000806306;Apfelmarkt
05362000000806307;Am Bommerichshof
05362000000806308;Am Fronhofpfad
05362000000806309;An der Ronne
05362000000806310;Christian-Hüppeler-Straße
05362000000806311;Donatusstraße
05362000000806312;Arthur-Rudolf-Straße
05362000000806314;Fliestedener Straße
05362000000806317;Hessgasse
05362000000806318;Hüttenweg
05362000000806320;Im Park
05362000000806321;Im Pfarrgarten
05362000000806324;Kapellenweg
05362000000806325;Kasterstraße
05362000000806326;Kaulsgasse
05362000000806327;Kreuzstraße
05362000000806330;Laurentiusstraße
05362000000806331;Lerchenberg
05362000000806332;Lütkes Hecke
05362000000806335;Pestalozzistraße
05362000000806336;Wilhelm-Moritz-Straße
05362000000806338;Ursulastraße
05362000000806339;Windmühlenstraße
05362000000806340;Zum großen Ahr
05362000000806350;Am Ehrenfeldchen
05362000000806351;Am alten Fließ
05362000000806352;Am Lindenberg
05362000000806353;Am Mühlenberg
05362000000806354;Am Platz
05362000000806355;An den Dreißig Morgen
05362000000806356;An der Burg
05362000000806357;An der Fuchshecke
05362000000806358;Am Buschfeld
05362000000806359;An der Pfarrkirche
05362000000806360;An der Weide
05362000000806361;Auf der Höhe
05362000000806362;Am Ommelstal
05362000000806363;Am Rimmelsweiher
05362000000806364;Bonnstraße
05362000000806367;Gottfried-Stahl-Straße
05362000000806369;Hinter den Hecken
05362000000806370;Heinz-Esch-Johnen-Straße
05362000000806371;Im Tiergarten
05362000000806372;Im Broich
05362000000806373;Ingendorfer Weg
05362000000806375;Jennerstraße
05362000000806377;Kämpchenstraße
05362000000806379;Manstedtener Straße
05362000000806380;Max-Stock-Straße
05362000000806381;Ohlesweg
05362000000806382;Ostring
05362000000806384;Quellenweg
05362000000806385;Rheidter Weg
05362000000806387;Schulzental
05362000000806388;Stommelner Straße
05362000000806389;St.-Simeon-Straße
05362000000806392;Zimmergasse
05362000000806393;Zur Mühle
05362000000806394;Zum Hahnacker
05362000000806423;Am Glescher Hof
05362000000806425;Bedburger Straße
05362000000806427;Cosmasstraße
05362000000806428;Damianusweg
05362000000806429;Distelfinkweg
05362000000806432;Fieselerstraße
05362000000806433;Flamingostraße
05362000000806434;Frankenstraße
05362000000806435;Freiheitsstraße
05362000000806437;Glessiker Straße
05362000000806438;Grevenbroicher Straße
05362000000806439;Grünspechtweg
05362000000806441;Heinemannstraße
05362000000806443;Jahnstraße
05362000000806444;Jasminweg
05362000000806446;Karthäuserstraße
05362000000806447;Kirdorfer Mühle
05362000000806448;Kranichweg
05362000000806451;Marienpfad
05362000000806452;Maronenweg
05362000000806453;Martin-Vetten-Straße
05362000000806455;Neue Giersbergstraße
05362000000806456;Niederembter Straße
05362000000806457;Ohndorfer Weg
05362000000806459;Pelikanstraße
05362000000806460;Peringser Straße
05362000000806461;Peter-Otten-Straße
05362000000806462;Pfarrer-Piel-Straße
05362000000806463;Reiner-Trillen-Straße
05362000000806465;Stamsweg
05362000000806466;Steinkauzweg
05362000000806468;Waldkauzweg
05362000000806471;Zum Erftufer
05362000000806472;Zum Gottesacker
05362000000806473;Zum Hagelkreuz
05362000000806474;Zur Fuchskaul
05362000000806481;Am Abtshof
05362000000806482;Am Frankenfeld
05362000000806483;Am Fuchsberg
05362000000806484;Am Hofheckerweg
05362000000806485;Am Kirchgarten
05362000000806486;Am Langen Garten
05362000000806487;Am Mühlenteich
05362000000806488;Am Rosengarten
05362000000806489;Am Schultsgarten
05362000000806490;Am Sieberath
05362000000806491;Am Spelzgarten
05362000000806492;Am Sprung
05362000000806493;Am Steg
05362000000806494;Am Steinweg
05362000000806495;Am Wierichskamp
05362000000806496;Am Zehnthof
05362000000806497;Am Breuershof
05362000000806498;An der Kriegskaule
05362000000806499;An der Alten Schmiede
05362000000806500;An der Broicheiche
05362000000806501;An der Kirche
05362000000806502;Auf dem Mühlenberg
05362000000806503;Auf dem Steinengarten
05362000000806504;Alte Windmühle
05362000000806505;Braunfeldsmühle
05362000000806506;Brauweilerstraße
05362000000806508;Bertha-von-Suttner-Straße
05362000000806509;Zur Glessener Höhe
05362000000806511;Dansweilerstraße
05362000000806514;Eibenweg
05362000000806515;Elisabeth-Schwarzhaupt-Straße
05362000000806516;Geschw.-Bentheuer-Straße
05362000000806517;Elly-Heuss-Straße
05362000000806518;Giethgasse
05362000000806520;Clara-Schumann-Straße
05362000000806522;Heidenpfuhl
05362000000806523;Höhenweg
05362000000806524;Hohe Straße
05362000000806525;Honiggasse
05362000000806528;Im Brauweilerfeld
05362000000806529;Im Bruchfeldchen
05362000000806530;Im Dornenhau
05362000000806531;Im Heuchen
05362000000806532;Im Kamp
05362000000806533;Im Selch
05362000000806534;Im Sommershausfeld
05362000000806535;Im Tal
05362000000806536;In der Hüll
05362000000806537;Kurt-Schumacher-Straße
05362000000806540;Ludwig-Erhard-Straße
05362000000806542;Michael-Juris-Straße
05362000000806545;Pankratiusstraße
05362000000806546;Pfarrer-Tirtey-Straße
05362000000806549;Rochusstraße
05362000000806553;Sintherner Holzweg
05362000000806554;Sommerhaus
05362000000806557;Von-Nell-Breuning-Straße
05362000000806559;Weinbergstraße
05362000000806560;Winfriedstraße
05362000000806563;Ziegelstraße
05362000000806564;Zum Acker
05362000000806565;Zum Glessener Bach
05362000000806566;Zum Gut Neuhof
05362000000806567;Zum Güsgensgraben
05362000000806568;Zum Hang
05362000000806569;Am Senkchen
05362000000806571;An der Abtsmühle
05362000000806572;An der Brennerei
05362000000806573;Am Keuschenbroich
05362000000806574;Am Pohl
05362000000806581;Alte Landstraße
05362000000806583;Am Fischerhof
05362000000806585;Am Meulshof
05362000000806586;Am Sportplatz
05362000000806588;Am Kreuzweg
05362000000806590;An de Krokpaasch
05362000000806591;An den Mönchhöfen
05362000000806592;Arnikaweg
05362000000806593;Asperschlagstraße
05362000000806594;Auenheimer Straße
05362000000806597;Elsaßweg
05362000000806598;Barbarastraße
05362000000806599;Brandenburger Straße
05362000000806600;Brieystraße
05362000000806601;Bromberger Straße
05362000000806605;Dormagener Straße
05362000000806608;Farnweg
05362000000806609;Fliederweg
05362000000806610;Fortuna-Nord-Straße
05362000000806611;Franz-Esser-Straße
05362000000806612;Frickestraße
05362000000806613;Faradaystraße
05362000000806618;Glogauer Straße
05362000000806619;Gnesener Straße
05362000000806620;Greifswalder Straße
05362000000806623;Hiepenfeldweg
05362000000806624;Holtroper Straße
05362000000806625;Hoppengasse
05362000000806627;Usedomer Straße
05362000000806628;Im Euel
05362000000806629;Industriestraße
05362000000806631;Kaulens-Weide
05362000000806632;Kaspar-Fünders-Straße
05362000000806634;Kösliner Straße
05362000000806635;Kolberger Straße
05362000000806636;Krokusweg
05362000000806639;Leinenweberweg
05362000000806640;Ligusterstraße
05362000000806641;Lohweg
05362000000806642;Lothringer Ring
05362000000806645;Memeler Straße
05362000000806646;Metzstraße
05362000000806647;Mönchhofweg
05362000000806649;Nancystraße
05362000000806650;Neißer Straße
05362000000806651;Ohmstraße
05362000000806652;Oberaußemer Straße
05362000000806653;Oppelner Straße
05362000000806654;Peter-Achnitz-Straße
05362000000806655;Pastorsgasse
05362000000806656;Paulusstraße
05362000000806657;Perlgrasweg
05362000000806658;Posener Straße
05362000000806659;Potsdamer Straße
05362000000806660;Pillauer Straße
05362000000806661;Pfarrer-Kreidt-Weg
05362000000806662;Riedweg
05362000000806663;Ringstraße
05362000000806664;Ritterspornweg
05362000000806665;Rosenweg
05362000000806667;Reisinger Weg
05362000000806668;Schultesgasse
05362000000806669;Schwarze Gasse
05362000000806670;Silverbergstraße
05362000000806671;Stolpstraße
05362000000806672;Stralsunder Straße
05362000000806675;Theodor-Heuss-Straße
05362000000806676;Tilsiter Straße
05362000000806677;Tirrillstraße
05362000000806678;Voltastraße
05362000000806679;Von-Galen-Weg
05362000000806681;Weberstraße
05362000000806682;Weimarer Straße
05362000000806684;Zum Roemerfeld
05362000000806701;Abts-Acker-Straße
05362000000806702;Alpenstraße
05362000000806703;Am alten Hof
05362000000806704;Am alten Maar
05362000000806705;Am Berg
05362000000806706;Am Breuersberg
05362000000806707;Am Haselbusch
05362000000806708;Am Schillberg
05362000000806709;Am Tonnenberg
05362000000806710;Am Villgraben
05362000000806711;Am Lapprath
05362000000806712;Am Scheideweg
05362000000806713;An der Bahn
05362000000806714;An der Buchenhecke
05362000000806715;An der Hecke
05362000000806716;An der Jussenhöhle
05362000000806717;An der Windmühle
05362000000806718;Am Grüneck
05362000000806720;Auf dem Driesch
05362000000806721;Außemer Weg
05362000000806722;Pf.-Heinrich von Solre-Straße
05362000000806723;Beethovenstraße
05362000000806724;Bergheimer Straße
05362000000806725;Bodelschwinghstraße
05362000000806726;Büsdorfer Straße
05362000000806729;Clarenweg
05362000000806731;Dechant-Heinrich-Meurers-Straße
05362000000806732;Dornheckenweg
05362000000806733;Dürbaumstraße
05362000000806736;Edelweißweg
05362000000806737;Enzianweg
05362000000806738;Erlenring
05362000000806739;Ernst-Reuter-Ring
05362000000806742;Föhrenweg
05362000000806743;Fortunastraße
05362000000806744;Friedensstraße
05362000000806745;Friedhofstraße
05362000000806746;Friedrich-Ebert-Straße
05362000000806749;Ginsterweg
05362000000806750;Glessener Weg
05362000000806753;Hans-Böckler-Platz
05362000000806754;Heckenrosenweg
05362000000806755;Holunderweg
05362000000806758;Im Funkenkamp
05362000000806759;Im Katzenbungert
05362000000806760;In der Mitte
05362000000806761;Inselstraße
05362000000806764;Kölner Hohlweg
05362000000806765;Komödchenstraße
05362000000806768;Lisztstraße
05362000000806769;Ludwig-Kons-Straße
05362000000806771;Marie-Juchacz-Straße
05362000000806772;Mauspfad
05362000000806773;Moosweg
05362000000806774;Neuer Weg
05362000000806776;Niederaußemer Straße
05362000000806779;Oberfeldstraße
05362000000806782;Reutergasse
05362000000806783;Richartzstraße
05362000000806786;Sandberg
05362000000806787;Schlungweg
05362000000806788;Schwalbenkaulstraße
05362000000806791;Turnstraße
05362000000806793;Ulmenring
05362000000806794;Unterfeldstraße
05362000000806796;Vinzentiusstraße
05362000000806799;Zum Bohnenbach
05362000000806800;Zum Rott
05362000000806801;Zur Ville
05362000000806802;Zur Jansenhecke
05362000000806803;Zum Fortunabad
05362000000806821;An den Ellern
05362000000806822;An den Platanen
05362000000806824;Antoniusstraße
05362000000806825;Antoniushof
05362000000806826;August-Borsig-Straße
05362000000806828;Bürgeweg
05362000000806829;Burggasse
05362000000806830;Ben-Cammarata-Straße
05362000000806832;Friedrich-Bessel-Straße
05362000000806833;Glescher Straße
05362000000806835;Hähnsaler Hof
05362000000806836;Heckenstraße
05362000000806837;Holzgasse
05362000000806840;Im Hasental
05362000000806841;In der Loh
05362000000806842;In den Dorfgärten
05362000000806844;Kastanienallee
05362000000806845;Kindergartenweg
05362000000806846;Königsstraße
05362000000806847;Kopernikusstraße
05362000000806848;Leonardshof
05362000000806849;Löhrgasse
05362000000806852;Meßweg
05362000000806853;Mühlenwehr
05362000000806855;Neuhöllnerhof
05362000000806857;Am Schloßpark
05362000000806858;Schmitte Weg
05362000000806859;St.-Pankratius-Weg
05362000000806865;Walter-Gropius-Straße
05362000000806866;Willy-Messerschmitt-Straße
05362000000806872;Agavenweg
05362000000806873;Ahestraße
05362000000806874;Albert-Schweitzer-Straße
05362000000806875;Alter Sportplatz
05362000000806876;Alpenkönigweg
05362000000806877;Am Gastes
05362000000806878;Am Kirchacker
05362000000806879;Am Rötschberg
05362000000806880;Am Wildwechsel
05362000000806881;Annoweg
05362000000806882;Aschenputtelweg
05362000000806884;An der Marienburg
05362000000806885;Andersenstraße
05362000000806886;Aralienweg
05362000000806887;Auerhahnweg
05362000000806888;Auerweg
05362000000806889;Auf der Helle
05362000000806890;Arratosstraße
05362000000806893;Bachstelzenweg
05362000000806894;Bachstraße
05362000000806895;Begonienweg
05362000000806896;Behringstraße
05362000000806898;Bertlingsgasse
05362000000806899;Brahmsstraße
05362000000806900;Brucknerstraße
05362000000806901;Buntspechtweg
05362000000806902;Bussardstraße
05362000000806903;Carl-Spitzweg-Straße
05362000000806905;Däumlingweg
05362000000806906;Dachsweg
05362000000806907;Dammstraße
05362000000806908;Dohlenweg
05362000000806909;Domackerstraße
05362000000806910;Dornröschenweg
05362000000806913;Elsterweg
05362000000806914;Espenweg
05362000000806917;Falkenweg
05362000000806918;Fasanenweg
05362000000806919;Feldhuhnweg
05362000000806920;Feuerdornweg
05362000000806921;Fichtenweg
05362000000806922;Fischbachstraße
05362000000806923;Freesienweg
05362000000806925;Frenser Straße
05362000000806926;Friedlandstraße
05362000000806927;Friedrichstraße
05362000000806928;Fuchsienweg
05362000000806929;Fuchsweg
05362000000806930;Frau-Holle-Weg
05362000000806931;Froschkönigweg
05362000000806933;Geranienweg
05362000000806934;Gimpelweg
05362000000806935;Gladiolenweg
05362000000806936;Glück-Auf-Straße
05362000000806937;Glasbläserstraße
05362000000806938;Graf-Beissel-Platz
05362000000806939;Graf-Otto-Straße
05362000000806941;Grimmstraße
05362000000806946;Hans-Im-Glück-Straße
05362000000806948;Händelstraße
05362000000806949;Hänflingweg
05362000000806950;Hainbuchenweg
05362000000806951;Hasenweg
05362000000806953;Hebelstraße
05362000000806954;Herbergerstraße
05362000000806955;Herderstraße
05362000000806956;Hermann-Löns-Straße
05362000000806957;Heinzelmännchenweg
05362000000806960;Iltisweg
05362000000806961;Im Dreieck
05362000000806962;Im Rauland
05362000000806963;Irisweg
05362000000806966;Jenseitsstraße
05362000000806969;Kammerstraße
05362000000806970;Katzenberg
05362000000806972;Kleiner-Muck-Weg
05362000000806973;Kiefernweg
05362000000806974;Kitschburgstraße
05362000000806975;Kleiberweg
05362000000806976;Köln-Aachener-Straße
05362000000806977;Kurzer Weg
05362000000806981;Ligastraße
05362000000806982;Lindgesweg
05362000000806983;Lupinenweg
05362000000806984;Lutherstraße
05362000000806985;Lombardring
05362000000806987;Märchenring
05362000000806988;Maiblumenweg
05362000000806989;Malvenweg
05362000000806990;Mandelweg
05362000000806991;Marderweg
05362000000806993;Mimosenweg
05362000000806994;Möwenweg
05362000000806996;Mohnweg
05362000000806997;Mozartstraße
05362000000806998;Myrtenweg
05362000000806999;Parkstraße
05362000000807001;Nußbaumweg
05362000000807002;Ölbaumweg
05362000000807003;Oleanderstraße
05362000000807006;Palmenweg
05362000000807007;Petunienweg
05362000000807008;Pliesmühlenstraße
05362000000807009;Primelweg
05362000000807010;Priamosstraße
05362000000807011;Pfarrer-Schlich-Straße
05362000000807012;Rabenweg
05362000000807013;Rebhuhnweg
05362000000807014;Rapunzelweg
05362000000807015;Reiherweg
05362000000807016;Rilkestraße
05362000000807017;Robert-Koch-Straße
05362000000807018;Rote-Kreuz-Straße
05362000000807019;Rotkäppchenweg
05362000000807021;Schneewittchenstraße
05362000000807022;Sandstraße
05362000000807024;Schlehdornweg
05362000000807027;Schnepfenweg
05362000000807028;Schleiferweg
05362000000807029;Sebastianusstraße
05362000000807030;Seerosenweg
05362000000807031;Seidelstraße
05362000000807032;Sonnenhang
05362000000807033;Schwarz-Gold-Weg
05362000000807034;Sperberstraße
05362000000807035;Starenweg
05362000000807036;Stieglitzweg
05362000000807037;Storchenweg
05362000000807038;Sterntalerweg
05362000000807040;Tannenweg
05362000000807041;Taubenweg
05362000000807042;Thorrer Straße
05362000000807043;Tiegelweg
05362000000807044;Uhlandstraße
05362000000807047;Von-Roon-Straße
05362000000807050;Wacholderweg
05362000000807051;Wachtelweg
05362000000807052;Wehrstraße
05362000000807053;Wieselweg
05362000000807054;Wildentenweg
05362000000807057;Zedernweg
05362000000807058;Zeisigweg
05362000000807059;Zum Mühlenfeld
05362000000807060;Zypressenweg
05362000000807061;Zum Frenser Feld
05362000000807062;Zur alten Glashütte
05362000000807081;Am Gillbach
05362000000807082;Am Hengert
05362000000807083;Am alten Bahnhof
05362000000807084;Am Schaltwerk
05362000000807085;Am Werkstor
05362000000807086;Am Feldahorn
05362000000807087;An den Wiesen
05362000000807088;An der Fronbrücke
05362000000807089;An der Höferstraße
05362000000807093;Bergergasse
05362000000807095;Bergmannstraße
05362000000807096;Brühler Straße
05362000000807097;Brunnenstraße
05362000000807098;Burg Geretzhoven
05362000000807101;Dorfplatz
05362000000807102;Düsseldorfer Straße
05362000000807103;Efeuweg
05362000000807104;Feldrosenweg
05362000000807106;Gertrudenstraße
05362000000807107;Groß-Mönchhof
05362000000807108;Grünewaldstraße
05362000000807112;Holbeinweg
05362000000807118;Lindenplatz
05362000000807119;Lochnerweg
05362000000807122;Memlingweg
05362000000807125;Nikolaus-Adams-Straße
05362000000807127;Peter-Pütz-Straße
05362000000807128;Pfarrer-Pesch-Straße
05362000000807130;Rudolf-Harbig-Straße
05362000000807132;Schongauer Weg
05362000000807133;St.-Michael-Straße
05362000000807135;Theo-Philipps-Ring
05362000000807136;Unter den Ulmen
05362000000807141;Am Wiebach
05362000000807142;Anton-Will-Straße
05362000000807146;Brunhildenstraße
05362000000807147;Clivienweg
05362000000807152;Gotenring
05362000000807153;Gotenstraße
05362000000807157;Heideweg
05362000000807160;Im dünnen Bruch
05362000000807161;Im langen Benden
05362000000807163;Keltenstraße
05362000000807166;Margeritenweg
05362000000807169;Nordring
05362000000807170;Nordstraße
05362000000807173;Obere Loh
05362000000807176;Pfarrer-Röhrig-Straße
05362000000807177;Platanenallee
05362000000807179;Römerstraße
05362000000807180;Römerallee
05362000000807182;Südring
05362000000807183;Von-Drove-Straße
05362000000807184;Von-Elmpt-Straße
05362000000807185;Wiebachhof
05362000000807186;Weststraße
05362000000807188;Zievericher Straße
05362000000807190;Zum Römerturm
05362000000807191;Zum Haus Laach
05362000000807192;Zum Römerpark
05362000000899998;Bergheim
