05366000004003951;Adelheidstraße
05366000004003953;Am Dinghaus
05366000004003954;Am Swisterberg
05366000004003955;Amselweg
05366000004003956;Anton-Schell-Straße
05366000004003957;Auf der Hochfahrt
05366000004003959;Azaleenweg
05366000004003960;Bachstraße
05366000004003961;Bahnhofsallee
05366000004003962;Barbarastraße
05366000004003963;Beethovenstraße
05366000004003964;Berliner Straße
05366000004003965;Bliesheimer Straße
05366000004003966;Bonner Straße
05366000004003967;Burgstraße
05366000004003968;Birkenweg
05366000004003969;Buchenweg
05366000004003970;Deutscher Platz
05366000004003971;Donaustraße
05366000004003972;Drosselweg
05366000004003973;Espenweg
05366000004003974;Eilauer Weg
05366000004003975;Eispfad
05366000004003976;Enggasse
05366000004003977;Erlenweg
05366000004003978;Fliederweg
05366000004003979;Friedrich-Ebert-Straße
05366000004003980;Finkenweg
05366000004003981;Franzstraße
05366000004003982;Gertrudenweg
05366000004003983;Grabenstraße
05366000004003984;Gürtelweg
05366000004003985;Eibenweg
05366000004003986;Fichtenweg
05366000004003987;Hellweg
05366000004003988;Holunderweg
05366000004003989;Im Weidchen
05366000004003990;In den Helten
05366000004003991;Konrad-Adenauer-Straße
05366000004003992;Karlstraße
05366000004003993;Kastanienweg
05366000004003994;Kölner Straße
05366000004003995;Kyllweg
05366000004003996;Kiefernweg
05366000004003997;Lindenhof
05366000004003998;Lechenicher Weg
05366000004003999;Ludwigstraße
05366000004004000;Elbestraße
05366000004004001;Luisenweg
05366000004004003;Lahnstraße
05366000004004004;Maarweg
05366000004004005;Mauritiusgasse
05366000004004006;Metternicher Straße
05366000004004007;Martin-Luther-Straße
05366000004004008;Meisenweg
05366000004004009;Moselstraße
05366000004004010;Mozartstraße
05366000004004011;Pappelweg
05366000004004012;Pfeilstraße
05366000004004014;Nikolaus-A.-Otto-Straße
05366000004004015;Rathenaustraße
05366000004004016;Rosenhügel
05366000004004017;Rotdornweg
05366000004004018;Ruwerstraße
05366000004004019;Rudolf-Diesel-Straße
05366000004004020;Scheiffartsweg
05366000004004021;Schlehenweg
05366000004004022;Schützenstraße
05366000004004023;Sebastianusgasse
05366000004004024;Sofienweg
05366000004004026;Tannenweg
05366000004004027;Theodor-Heuss-Straße
05366000004004028;Triftstraße
05366000004004029;Lippestraße
05366000004004030;Ulmenstraße
05366000004004031;Unionstraße
05366000004004032;Wilhelmstraße
05366000004004033;Mainstraße
05366000004004035;Zum Alten Zoll
05366000004004036;Burg Kühlseggen
05366000004004037;Gut Kühlseggen
05366000004004038;Adolf-Dasbach-Straße
05366000004004039;Ahrstraße
05366000004004040;Auf dem Höstert
05366000004004041;Neckarstraße
05366000004004042;Nahestraße
05366000004004043;Siegstraße
05366000004004045;Robert-Bosch-Straße
05366000004004046;Rheinstraße
05366000004004047;Saarstraße
05366000004004048;Starenweg
05366000004004049;Auf dem Rübenkämpchen
05366000004004050;Bongartsgasse
05366000004004051;Breslauer Straße
05366000004004052;Bremptergasse
05366000004004053;Am Brenter Fließ
05366000004004054;Danziger Straße
05366000004004055;Gottfried-Keller-Straße
05366000004004056;Friedensstraße
05366000004004057;Hermann-Löns-Straße
05366000004004058;Im Wiesengrund
05366000004004059;Josefstraße
05366000004004060;Kirchweg
05366000004004061;Kolpingstraße
05366000004004062;Kurfürstenweg
05366000004004063;Jülicher Straße
05366000004004064;Martin-Luther-Straße
05366000004004065;Mehlemer Straße
05366000004004066;Müggenhausener Straße
05366000004004067;Mühlenstraße
05366000004004068;Nelkenstraße
05366000004004069;Nikolaus-Ehlen-Straße
05366000004004070;Peter-Vey-Straße
05366000004004072;Schwarzmaarer Weg
05366000004004073;Stettiner Straße
05366000004004074;Theodor-Storm-Straße
05366000004004075;Talstraße
05366000004004076;Tomberger Straße
05366000004004077;Trierer Straße
05366000004004078;Von-Orsbeck-Straße
05366000004004079;Variniusstraße
05366000004004080;Von-Ketteler-Straße
05366000004004081;Zum Sportzentrum
05366000004004082;Goethestraße
05366000004004084;Grillparzerstraße
05366000004004085;Heinrich-Heine-Straße
05366000004004086;Hölderlinstraße
05366000004004087;Schillerstraße
05366000004004088;Uhlandstraße
05366000004004089;Wilhelm-Busch-Straße
05366000004004090;Willi-Ostermann-Straße
05366000004004091;Blumenstraße
05366000004004092;Bröhlpfad
05366000004004094;Erper Straße
05366000004004095;Am Klarenhof
05366000004004096;Friesheimer Straße
05366000004004098;Heimbacher Straße
05366000004004099;Kreuzstraße
05366000004004100;An der Römervilla
05366000004004101;Zum Römerbrunnen
05366000004004102;Müddersheimer Straße
05366000004004103;Nideggergasse
05366000004004104;Tönnespfad
05366000004004105;Zülpicher Straße
05366000004004106;Flughafenweg
05366000004004107;Dietrich-Bonhoeffer-Straße
05366000004004108;Heeper Gässchen
05366000004004110;Horchheimer Straße
05366000004004111;Borrer Straße
05366000004004121;Adlerweg
05366000004004122;Am Ginsterberg
05366000004004123;Bergstraße
05366000004004124;Am Alten Sportplatz
05366000004004125;Drei-Eichen-Straße
05366000004004126;Eburonenstraße
05366000004004127;Eichendorffstraße
05366000004004128;Frankenstraße
05366000004004129;Friedweg
05366000004004130;Hovener Hof
05366000004004131;Hemmericher Straße
05366000004004132;Höhenweg
05366000004004134;Jakob-Brock-Straße
05366000004004135;Johannes-Kreuz-Weg
05366000004004136;Karolingerstraße
05366000004004137;Keltenstraße
05366000004004138;Marienstraße
05366000004004139;Maternusstraße
05366000004004140;Meckenheimer Straße
05366000004004141;Merowingerstraße
05366000004004142;Pfingstmühlenweg
05366000004004143;Pfingstmühle
05366000004004144;Rehweg
05366000004004145;Römerstraße
05366000004004146;Uferstraße
05366000004004147;Ubierstraße
05366000004004148;Velbrückweg
05366000004004149;Wasserburgstraße
05366000004004150;Wilhelmshof
05366000004004151;Zum Blauen Stein
05366000004004152;Salierweg
05366000004004165;Eifelweg
05366000004004166;Bäckerweg
05366000004004167;Heimerzheimer Straße
05366000004004168;Hunsrückweg
05366000004004169;Inselstraße
05366000004004171;Rheinbacher Straße
05366000004004172;Rochusstraße
05366000004004181;Heimerzheimer Straße
05366000004004185;Im Kirchfeld
05366000004004186;Laurentiusstraße
05366000004004191;Vernicher Straße
05366000004004203;Erftstraße
05366000004004204;Euskirchener Straße
05366000004004206;Fasanenweg
05366000004004207;Fuchsweg
05366000004004209;Hasenweg
05366000004004211;Kapellenstraße
05366000004004215;Rebhuhnweg
05366000004004217;Schneppenheimer Weg
05366000004004219;Wieselweg
05366000004004234;Broicher Straße
05366000004004236;Erftstraße
05366000004004237;Euskirchener Straße
05366000004004240;Lommersumer Straße
05366000004004242;Neffelbachstraße
05366000004004243;Oberbroich
05366000004004245;Prümer Straße
05366000004004246;Pützweg
05366000004004250;Steinfelder Straße
05366000004004251;Straßfelder Straße
05366000004004253;Veybachstraße
05366000004004263;Billiger Straße
05366000004004264;Blankenheimer Straße
05366000004004265;Dahlemer Straße
05366000004004266;Euskirchener Straße
05366000004004267;Dauner Straße
05366000004004269;Gartenstraße
05366000004004270;Gemünder Straße
05366000004004272;Jünkerather Straße
05366000004004273;Kaller Straße
05366000004004274;Kälberweide
05366000004004276;Münstereifeler Straße
05366000004004294;Ringstraße
05366000004004295;Rüdesheimer Straße
05366000004004298;Schleidener Straße
05366000004004300;Wüschheimer Straße
05366000004004321;Am Bendenpütz
05366000004004323;Eupener Straße
05366000004004325;In der Höhle
05366000004004327;Kessenicher Straße
05366000004004328;Kuhgasse
05366000004004331;Swiststraße
05366000004004332;Dobschleider Straße
05366000004004333;Osttangente
05366000004004334;An den Eifelhecken
05366000004004335;Kirschfeld
05366000004004336;Felix-Wankel-Straße
05366000004004337;Günter-Rose-Straße
05366000004004338;Bertha-Benz-Straße
05366000004004344;Hausweilerweg
05366000004004347;Schillingsweg
05366000004004361;Am Lindchen
05366000004004362;Angelsteiner Straße
05366000004004363;Apolloniagasse
05366000004004364;Auf dem Brand
05366000004004365;Auf dem Driesch
05366000004004366;Auf dem Köll
05366000004004367;Bendenstraße
05366000004004368;Bodenheimer Weg
05366000004004369;Brabanter Straße
05366000004004370;Brügger Weg
05366000004004371;Brüsseler Straße
05366000004004372;Diefentaler Hof
05366000004004373;Derkumer Straße
05366000004004374;Dürener Straße
05366000004004375;Elsiger Weg
05366000004004376;Flittergasse
05366000004004377;Falkenbergstraße
05366000004004378;Genter Straße
05366000004004379;Grüner Weg
05366000004004381;Kaiser-Wilhelm-Platz
05366000004004382;Kerpener Straße
05366000004004383;Kelzmühle
05366000004004384;Limburger Straße
05366000004004386;Lütticher Straße
05366000004004387;Maasstraße
05366000004004388;Mödrather Straße
05366000004004389;Am Lohgraben
05366000004004390;Niederberger Straße
05366000004004391;Nordstraße
05366000004004392;Pankratiusgasse
05366000004004393;Pankratiushof
05366000004004395;Rurstraße
05366000004004397;Schaesberggasse
05366000004004398;Schweinemarkt
05366000004004401;Tieffenthaler Gasse
05366000004004402;Türnicher Straße
05366000004004404;Walramstraße
05366000004004405;Wichtericher Weg
05366000004004406;Zum Rösselsgraben
05366000004004407;Zunftgasse
05366000004004408;Fichtenhof
05366000004004409;Johanneshof
05366000004004410;Mühlenhof
05366000004004411;Große Heide
05366000004004412;Birnbaumweg
05366000004004413;Daniel-Wierz-Straße
05366000004004414;Dr.-Franz-Schorn-Straße
05366000004004415;Geranienweg
05366000004004416;Gerberstraße
05366000004004417;Tulpenstraße
05366000004004418;Eschenstraße
05366000004004419;Heinrich-Potthoff-Straße
05366000004004420;Heinrich-Rosen-Allee
05366000004004421;Josef-Burghof-Straße
05366000004004422;Josef-Heibges-Straße
05366000004004423;Kirschbaumstraße
05366000004004424;Köhlerweg
05366000004004425;Korbmacherweg
05366000004004426;Lärchenweg
05366000004004427;Lavendelweg
05366000004004428;Malvenweg
05366000004004429;Narzissenstraße
05366000004004430;Parkallee
05366000004004431;Ringelblumenweg
05366000004004432;Rosmarinweg
05366000004004433;Salbeiweg
05366000004004434;Sanddornweg
05366000004004435;Schneiderweg
05366000004004436;Sonnenblumenstraße
05366000004004437;Pinienweg
05366000004004438;Uhrmacherweg
05366000004004439;Veilchenstraße
05366000004004440;Wacholderweg
05366000004004441;Zedernstraße
05366000004004442;Bernhard-Thywissen-Straße
